velocity,altitude,best_m,best_p,best_t,finesse_max,naca_complet
109.29066124429019,3252.7699777462703,9,6,3,355.2865876148131,9603
118.58969632531927,10013.756487034898,8,7,6,331.2091915166837,8706
205.10835836768837,4859.946253469437,7,6,4,346.4314951279433,7604
92.19763900978697,11255.608355727254,8,7,4,297.4290983283628,8704
80.66105682644937,685.1900474731632,9,6,3,340.0883853364881,9603
79.03326426605318,5859.446912082604,9,6,3,306.6350268900262,9603
186.6955191157016,5577.651046995888,9,6,4,418.26564777996913,9604
50.048487557662625,925.1076839961021,8,7,5,311.4064899243575,8705
208.94575049492735,7496.418730873977,6,6,4,302.2073626675066,6604
243.84212690422865,11664.56338702159,2,6,3,108.64688839015882,2603
54.78098186642906,5144.103135789636,8,7,4,296.70200338204535,8704
211.83224258103454,8548.846919383666,5,6,4,264.5103100547454,5604
210.651221313305,2910.102349997784,8,6,4,327.6591202241502,8604
100.28175746150849,3276.7443549891905,9,6,3,346.62428058653484,9603
107.16798198703785,312.93130057565224,9,6,3,362.4575908381437,9603
154.67513080932184,8882.482208973963,9,6,3,375.8787779203145,9603
63.10139127943919,3653.3067854044375,8,7,5,313.9039423662887,8705
162.93514605792018,1261.8446966344652,9,6,5,400.8162835672386,9605
247.71804380555415,11964.426157300304,2,6,3,98.23982683581018,2603
242.3571743050674,8778.782608025285,3,6,3,128.851165361891,3603
70.39740962002898,839.345746726174,9,6,3,327.48941448102875,9603
90.11437352489423,8416.475552486163,8,7,5,319.47590873654065,8705
196.2580935670669,8402.861067027456,7,6,4,353.6649461254158,7604
145.62914673509715,10904.69003808822,9,7,5,352.2472167827161,9705
195.77051437436214,3410.712815579734,9,6,5,416.27837691641554,9605
95.17597163505252,2114.2050115815873,9,6,3,347.45014759895275,9603
230.6945679446974,11449.605771952536,3,7,4,148.52977050343023,3704
246.0806694458331,8378.331965569829,3,6,3,115.27384955660875,3603
240.1601375579778,11032.280397344697,3,6,3,119.90056346680718,3603
119.62049424068164,8153.531009304645,9,6,3,339.37190218955885,9603
210.3187477346592,8991.022458748772,5,6,4,267.82623763601003,5604
89.40057229638016,9947.375010823918,8,7,4,308.5301088628135,8704
74.38036421678376,5376.849221964774,8,7,5,317.2101000035483,8705
88.32663176938993,1277.2589205696997,9,6,3,344.8866775066351,9603
162.67367771395405,4498.934791943827,9,6,4,396.24885059097295,9604
152.81458115751383,7972.088393314501,9,6,3,378.8056048528755,9603
58.802672630997876,8868.52605554392,8,7,4,265.8305889020737,8704
100.45138204463407,3789.975445296805,9,6,3,344.08634816932954,9603
50.064538158599056,4439.790296835497,8,7,4,293.40285845334233,8704
242.4649376422759,11848.703763895417,3,5,2,107.90122485494096,3502
108.73325998058533,10527.81326793118,8,7,5,324.27410151156244,8705
162.83416337345128,11670.92036786387,9,7,5,365.41646392794695,9705
80.87758295122254,732.6210609668111,9,6,3,340.07485898793414,9603
157.9501109424632,4192.367773964501,9,6,4,392.31920458497524,9604
163.57600560603245,4598.32386339878,9,6,4,396.9548917474634,9604
234.27762316838897,8552.584074599197,4,5,2,154.81535626551334,4502
121.985710685206,5726.939875691991,9,6,3,356.0575686580201,9603
214.23384686607508,11063.724495654425,5,6,3,244.24079836349603,5603
213.74255022848837,4414.94359014522,7,6,4,302.73879045655974,7604
85.61264643729069,3336.5406637713445,9,6,3,330.65716424404906,9603
175.09716316405522,5341.3088506274225,9,6,4,407.7048598385034,9604
93.98365973236855,7441.498929392888,8,7,5,324.5451280937938,8705
81.05104393647309,5032.455275634268,9,7,5,320.3089114612964,9705
56.624352618540975,3495.991311889352,8,7,5,308.11589168064233,8705
125.39070964278739,6887.413865976272,9,6,3,353.69432056746126,9603
227.1442865790094,440.09308596274013,7,5,3,265.38976912005296,7503
87.96828875869392,6115.589684458316,8,7,5,322.2204521918779,8705
139.64263843255912,8374.41547115911,9,6,3,361.0516072717327,9603
210.4537218797931,1519.4088073791838,8,6,5,341.91288833120933,8605
143.62408919712357,8806.042789947827,9,6,3,362.8986977038941,9603
176.76026908060396,10304.588400661465,9,6,3,391.27263047734823,9603
82.14633281461477,9998.490652429804,8,7,4,299.1663404233013,8704
249.54050142941196,3084.107332769624,4,5,3,150.56594412527224,4503
55.22215162102248,1030.8652401701713,8,7,5,314.12590753989997,8705
158.891762010776,3850.014425989877,9,6,4,393.73223345486366,9604
129.36888106382855,8168.819565048673,9,6,3,350.47454653093337,9603
194.8863181029175,6729.657317787895,8,6,4,383.80757811606264,8604
108.10396167009276,236.53620341891335,9,6,3,363.0424177214692,9603
132.54050078015527,1538.4717380109807,9,6,4,376.5239712954949,9604
78.20861813103602,8252.792992737453,8,7,4,307.27293028959525,8704
187.71089917723563,2028.568720088418,9,6,5,419.3689477802,9605
58.20599424483703,5207.6259838854985,8,7,4,300.87402216227457,8704
166.45377893748736,6945.858698758106,9,6,3,398.03496664475716,9603
195.69738906376884,8312.652159606443,7,6,4,355.851976725097,7604
64.83861763652013,422.6964116028573,9,6,3,322.75745581161954,9603
230.13209815345013,2915.564495013553,6,5,3,232.28598813039167,6503
86.22719811514277,8246.959398244431,8,7,5,316.6534331702611,8705
221.26384010239678,6813.933254534293,5,6,4,238.4886712037475,5604
111.2174467671556,6578.953579786298,9,6,3,339.91471577950404,9603
206.63598529906633,11459.468597506817,5,6,3,276.1299491335128,5603
131.8428650737382,8546.282191946448,9,6,3,350.7690990563935,9603
74.97470748521857,10983.609999987277,8,7,4,268.0225621946686,8704
62.22270825203249,6065.335623948404,8,7,4,301.4615852518325,8704
192.98669210019915,5845.63221942533,9,6,3,396.9568631137222,9603
154.61960437863547,528.1168362814861,9,6,5,394.66033417687925,9605
164.89811654765106,11241.773798426693,8,7,6,364.8783333445085,8706
64.08040212289589,2093.968052568922,9,7,5,316.0296796350098,9705
190.14254624958681,737.4469293840989,9,6,5,410.9793254804451,9605
176.89057811239803,11192.44121712689,9,6,3,379.98242501777224,9603
154.15848933750365,3142.6563958911065,9,6,5,390.96459682698844,9605
130.2099746327477,4867.755255136294,9,6,3,367.8102898290454,9603
91.54355223458283,9776.95213925014,8,7,4,311.50936370698014,8704
79.69782607370901,462.6439262727535,9,6,3,340.19874115948227,9603
163.9221478988124,7791.247248098788,9,6,3,392.7093639914521,9603
232.01021913738867,3632.8683212134224,6,5,2,216.7854741945301,6502
96.71854702644293,9927.70427441912,8,7,5,316.2274160611328,8705
86.8565654883662,1908.8742969584937,9,6,3,340.1983681747916,9603
238.65919478746963,10331.354161199204,3,6,3,134.30922852936217,3603
128.66738719322464,1206.5414533653548,9,6,4,374.40278683784703,9604
147.8481375706355,5848.842270279891,9,6,3,381.39017027413684,9603
